date,code,open,high,low,close,volume,amount
2016-06-01,sh.600519,265.4000,265.5000,263.0000,263.7900,2187669,578184016.0000
2016-06-02,sh.600519,263.0100,268.6800,263.0100,267.7400,2476076,660335568.0000
2016-06-03,sh.600519,267.0000,286.7400,266.4000,283.8900,6479813,1806172752.0000
2016-06-06,sh.600519,282.0000,283.0000,275.0000,276.0500,3726166,1034692864.0000
2016-06-07,sh.600519,276.5000,278.4900,275.0100,277.8500,1875353,518246016.0000
2016-06-08,sh.600519,276.4000,277.8600,273.5000,274.2800,2388209,656530784.0000
2016-06-13,sh.600519,273.3500,276.6600,266.2500,267.0600,3777506,1030012784.0000
2016-06-14,sh.600519,267.7100,273.8000,267.7100,272.7500,2558729,696446752.0000
2016-06-15,sh.600519,270.7100,277.8000,270.2100,276.4900,2732201,752172240.0000
2016-06-16,sh.600519,274.8600,277.8000,273.7800,274.0200,1964357,540824576.0000
2016-06-17,sh.600519,273.6000,282.4900,273.6000,278.2600,2470518,689165056.0000
2016-06-20,sh.600519,279.7700,279.8600,274.0000,276.1100,1901926,523759584.0000
2016-06-21,sh.600519,277.0400,277.9400,273.0000,273.8100,1674933,460067360.0000
2016-06-22,sh.600519,273.7700,279.3600,272.7700,278.4400,2088448,577353680.0000
2016-06-23,sh.600519,279.9700,279.9700,274.8800,276.4400,1398451,386801280.0000
2016-06-24,sh.600519,275.2800,277.0000,267.2000,273.7700,2012951,550877440.0000
2016-06-27,sh.600519,275.0000,292.3000,275.0000,287.6800,6364269,1823624048.0000
2016-06-28,sh.600519,287.0200,289.6600,286.3200,288.2100,2428223,699351504.0000
2016-06-29,sh.600519,287.5500,289.4500,284.2000,288.1800,2814760,805690464.0000
2016-06-30,sh.600519,290.0200,298.2000,290.0200,291.9200,3802240,1116195904.0000
2016-07-01,sh.600519,287.2000,291.8800,284.0000,286.1700,2601495,746622848.0000
2016-07-04,sh.600519,287.0000,295.4000,286.0000,293.9000,2948864,859625104.0000
2016-07-05,sh.600519,295.0300,303.1000,295.0300,300.5800,4170773,1252985744.0000
2016-07-06,sh.600519,299.8000,318.0000,299.0100,317.1900,4734770,1463885920.0000
2016-07-07,sh.600519,315.8000,326.8000,312.0800,316.9100,5072520,1619384208.0000
2016-07-08,sh.600519,313.5300,315.5000,306.1600,309.9100,4554563,1412963904.0000
2016-07-11,sh.600519,309.0300,324.0000,309.0300,315.1400,5748167,1825388224.0000
2016-07-12,sh.600519,315.7600,326.6000,315.0000,324.7300,5311945,1712151168.0000
2016-07-13,sh.600519,323.0300,324.7300,315.0500,317.1900,5344828,1697002624.0000
2016-07-14,sh.600519,316.0900,320.8000,315.2000,317.0900,2923085,928017840.0000
2016-07-15,sh.600519,317.1200,318.0300,315.0600,317.5200,2681101,848676192.0000
2016-07-18,sh.600519,317.5000,319.5000,315.6600,316.2100,2335289,741065232.0000
2016-07-19,sh.600519,315.5000,316.3000,305.5500,308.1100,4143166,1282256496.0000
2016-07-20,sh.600519,308.6200,310.8700,307.5000,308.5600,1773384,548187888.0000
2016-07-21,sh.600519,310.1500,317.6000,309.0000,314.3800,3300949,1041004816.0000
2016-07-22,sh.600519,312.9000,315.2000,307.3800,307.9200,2887145,893047920.0000
2016-07-25,sh.600519,307.6000,314.1900,307.0000,311.2600,2362353,736751808.0000
2016-07-26,sh.600519,309.0100,319.5000,308.5000,319.0400,3555567,1121135552.0000
2016-07-27,sh.600519,319.8500,320.6000,308.3000,314.0100,3922806,1235833184.0000
2016-07-28,sh.600519,312.0000,319.3000,311.5000,316.0500,3964399,1254912048.0000
2016-07-29,sh.600519,315.0800,318.8800,313.0000,313.1500,2900737,913987184.0000
2016-08-01,sh.600519,313.0000,313.9500,305.0000,306.9600,3170185,980681840.0000
2016-08-02,sh.600519,307.2500,310.5000,302.8500,306.2100,2654142,812078464.0000
2016-08-03,sh.600519,307.0000,307.9000,304.1500,306.8200,2403907,735080448.0000
2016-08-04,sh.600519,306.8500,308.3300,304.2200,306.3000,2179364,666165440.0000
2016-08-05,sh.600519,306.4900,308.3700,305.0300,305.9300,2030848,622324416.0000
2016-08-08,sh.600519,306.1500,308.3000,303.0600,308.1000,2200740,672724160.0000
2016-08-09,sh.600519,308.1700,317.6700,306.4200,315.7500,3928967,1230571984.0000
2016-08-10,sh.600519,315.0500,316.5000,313.3300,313.8100,2094471,659451040.0000
2016-08-11,sh.600519,314.3800,321.5700,314.0100,316.7700,3193972,1016399248.0000
2016-08-12,sh.600519,317.4000,317.4000,314.0100,316.9700,2335283,737487488.0000
2016-08-15,sh.600519,315.8000,321.6900,314.1500,318.7800,3411013,1084418384.0000
2016-08-16,sh.600519,322.0000,322.4800,308.0000,309.5200,8837869,2755749504.0000
2016-08-17,sh.600519,309.6000,310.9700,306.5000,308.1600,4375406,1347397792.0000
2016-08-18,sh.600519,307.9500,309.6500,305.1300,306.4300,3100599,951674784.0000
2016-08-19,sh.600519,305.8000,307.4500,304.8000,306.4800,1914091,585467696.0000
2016-08-22,sh.600519,306.1300,309.5800,306.0000,307.3200,2081270,640455200.0000
2016-08-23,sh.600519,307.3300,309.0400,305.8000,306.8800,1991426,612752800.0000
2016-08-24,sh.600519,307.0200,307.4900,303.8300,305.2800,2277942,695005296.0000
2016-08-25,sh.600519,305.2000,305.3800,300.0700,303.0100,2536258,766099104.0000
2016-08-26,sh.600519,303.1400,304.5500,300.4000,301.4500,2143645,648346752.0000
2016-08-29,sh.600519,308.0000,308.8000,305.2000,307.5300,3805557,1169052448.0000
2016-08-30,sh.600519,307.0000,308.5000,304.6700,305.8600,2117052,649198656.0000
2016-08-31,sh.600519,306.7000,310.7600,305.5400,310.1900,4040144,1250762224.0000
2016-09-01,sh.600519,309.7000,312.0000,308.2500,308.7100,1718597,532785264.0000
2016-09-02,sh.600519,308.0000,309.4500,304.8800,305.7800,1857224,570909568.0000
2016-09-05,sh.600519,306.2000,309.0000,305.8100,308.5000,1913870,589626256.0000
2016-09-06,sh.600519,308.5000,310.3600,308.3500,309.9400,2062583,638681584.0000
2016-09-07,sh.600519,309.6800,309.6800,305.5000,306.6000,2964515,908976240.0000
2016-09-08,sh.600519,305.2100,306.5000,304.4100,305.8200,1670578,509979664.0000
2016-09-09,sh.600519,306.6500,306.8600,304.0000,304.6300,1622251,494663728.0000
2016-09-12,sh.600519,302.0000,304.0000,297.7700,298.0600,3823881,1148690128.0000
2016-09-13,sh.600519,299.9500,300.9700,299.3000,300.4300,1625588,488095088.0000
2016-09-14,sh.600519,300.1000,302.2000,298.0100,299.5700,1852765,556106064.0000
2016-09-19,sh.600519,300.0500,301.5700,299.8800,300.1300,1285210,385804384.0000
2016-09-20,sh.600519,300.7800,300.8000,294.0000,294.9600,3489260,1031649952.0000
2016-09-21,sh.600519,295.0600,295.3900,289.1100,294.0500,3903723,1139374176.0000
2016-09-22,sh.600519,294.3000,299.9800,294.0100,296.9800,2960617,879666032.0000
2016-09-23,sh.600519,297.0200,298.9500,295.4000,297.6800,1267190,376554080.0000
2016-09-26,sh.600519,297.0000,297.0100,288.5500,288.7300,3717608,1080278320.0000
2016-09-27,sh.600519,288.8800,291.9800,288.7600,291.1700,1791582,520513712.0000
2016-09-28,sh.600519,291.7900,291.7900,287.5600,288.4100,2236001,648736320.0000
2016-09-29,sh.600519,287.8500,293.0000,287.8500,290.9800,2370569,688873472.0000
2016-09-30,sh.600519,290.0000,299.6300,290.0000,297.9100,2960350,880477808.0000
2016-10-10,sh.600519,298.5100,303.8600,298.5100,302.9600,2110362,637178864.0000
2016-10-11,sh.600519,304.0000,309.0000,303.0000,308.9200,4173675,1279755344.0000
2016-10-12,sh.600519,308.5000,308.5000,304.9000,305.8200,1928602,590793824.0000
2016-10-13,sh.600519,306.8000,306.9400,303.5100,303.8900,1614398,491591616.0000
2016-10-14,sh.600519,303.4700,306.0000,303.2000,305.6000,1269092,386317904.0000
2016-10-17,sh.600519,305.4500,305.5000,301.5000,302.4500,1895703,574503344.0000
2016-10-18,sh.600519,302.5000,308.5000,302.0000,307.1600,3038931,932443504.0000
2016-10-19,sh.600519,308.5000,308.7500,305.1000,306.4500,1412328,433658688.0000
2016-10-20,sh.600519,307.3900,307.3900,304.8000,305.4800,1407992,429896208.0000
2016-10-21,sh.600519,305.0800,305.4800,302.5900,304.1900,1148332,349209696.0000
2016-10-24,sh.600519,302.6000,307.0000,302.6000,306.9300,2624652,802002336.0000
2016-10-25,sh.600519,307.3900,313.0000,307.3900,312.9400,4376239,1363211040.0000
2016-10-26,sh.600519,313.0000,318.3100,311.6500,313.6800,4681307,1475976848.0000
2016-10-27,sh.600519,312.9900,318.2200,311.0100,316.8700,3295162,1039017328.0000
2016-10-28,sh.600519,317.5000,318.4300,314.0000,317.0500,2013733,637478016.0000
2016-10-31,sh.600519,319.0000,322.8000,316.8000,317.9500,4359610,1394967920.0000
2016-11-01,sh.600519,317.9500,319.0000,315.5500,316.6800,1951239,617880128.0000
2016-11-02,sh.600519,316.0900,317.1600,313.6800,315.1800,2063642,650629056.0000
2016-11-03,sh.600519,315.0000,316.4600,314.1500,315.8600,1869081,589861360.0000
2016-11-04,sh.600519,315.9900,318.2500,313.9800,314.8200,2061927,650490000.0000
2016-11-07,sh.600519,315.0000,317.0000,313.2000,315.3300,1604780,505304912.0000
2016-11-08,sh.600519,316.5000,322.1800,315.6800,320.0000,3419383,1093003616.0000
2016-11-09,sh.600519,320.0000,321.9700,313.8000,316.8100,3000449,951077200.0000
2016-11-10,sh.600519,319.1000,321.0000,317.7300,319.1300,1780496,568571584.0000
2016-11-11,sh.600519,317.9900,318.3000,314.8000,315.0800,3590265,1133744320.0000
2016-11-14,sh.600519,315.5500,315.8700,309.9900,310.9900,3992049,1246340880.0000
2016-11-15,sh.600519,310.0300,315.6500,310.0300,314.0100,2447055,766112496.0000
2016-11-16,sh.600519,313.8100,315.4000,312.0000,313.1500,1339981,419672480.0000
2016-11-17,sh.600519,312.0800,313.0000,310.5300,311.0400,1833776,570642080.0000
2016-11-18,sh.600519,311.1600,311.8000,309.8800,310.0000,1937769,601883504.0000
2016-11-21,sh.600519,311.0200,311.6600,308.3700,309.5000,2608384,807014528.0000
2016-11-22,sh.600519,310.3000,310.4500,308.3700,308.8700,2642427,816561744.0000
2016-11-23,sh.600519,311.0000,313.0000,309.1100,312.9500,3401504,1058266304.0000
2016-11-24,sh.600519,313.2000,317.0000,311.4200,316.9300,3907870,1227937712.0000
2016-11-25,sh.600519,317.0400,318.0000,313.4200,316.8900,2236967,706042464.0000
2016-11-28,sh.600519,317.5500,320.1800,316.6000,319.5000,4925301,1568882896.0000
2016-11-29,sh.600519,320.7000,330.4500,319.4100,323.9600,5883062,1911874432.0000
2016-11-30,sh.600519,321.2200,323.3000,318.4500,319.0800,2675237,855564592.0000
2016-12-01,sh.600519,320.0000,324.5900,318.6800,321.0200,2794182,896065024.0000
2016-12-02,sh.600519,321.0000,323.2000,319.0000,321.7700,3062833,984836864.0000
2016-12-05,sh.600519,319.2000,324.5400,315.8200,315.9300,4206081,1342647360.0000
2016-12-06,sh.600519,316.2300,326.5800,316.2300,326.4200,3892309,1251764480.0000
2016-12-07,sh.600519,327.1200,328.5000,323.9700,327.4500,2527174,825849248.0000
2016-12-08,sh.600519,328.0100,340.0000,327.0000,337.7100,5447578,1825332448.0000
2016-12-09,sh.600519,337.2000,339.4200,334.0200,337.7600,3449559,1162079792.0000
2016-12-12,sh.600519,337.7000,340.0000,325.7000,326.8600,5033244,1667557008.0000
2016-12-13,sh.600519,326.8400,335.0000,325.5000,333.0100,4178000,1384533792.0000
2016-12-14,sh.600519,333.0000,334.0700,328.5000,332.2700,3202902,1062697136.0000
2016-12-15,sh.600519,332.4600,332.9900,325.5800,328.0500,3920275,1285279904.0000
2016-12-16,sh.600519,327.0000,329.8800,323.5800,327.5800,2505126,818412416.0000
2016-12-19,sh.600519,326.0000,334.3700,325.6100,325.9600,3047187,1002365472.0000
2016-12-20,sh.600519,326.0400,327.0000,321.8100,326.4800,3083159,1001345152.0000
2016-12-21,sh.600519,326.9000,329.2900,323.5600,328.6600,2471124,807548096.0000
2016-12-22,sh.600519,328.0000,328.4600,324.8800,325.2000,1467813,478750704.0000
2016-12-23,sh.600519,323.5500,324.5000,319.1300,320.0300,3109555,1001068080.0000
2016-12-26,sh.600519,319.0300,324.9900,316.2000,324.4800,2600143,835811088.0000
2016-12-27,sh.600519,324.5100,328.8000,323.5000,326.1600,2006229,655887936.0000
2016-12-28,sh.600519,326.9900,328.0000,323.3300,323.7200,1787811,581648976.0000
2016-12-29,sh.600519,324.0000,327.8700,323.0000,327.3100,2122512,690986080.0000
2016-12-30,sh.600519,326.6100,335.2900,326.6100,334.1500,3468767,1152982240.0000
2017-01-03,sh.600519,334.2800,337.0000,332.8100,334.5600,2076389,695005296.0000
2017-01-04,sh.600519,334.6200,352.1700,334.6000,351.9100,6525738,2245051872.0000
2017-01-05,sh.600519,350.0000,351.4500,345.4400,346.7400,4170448,1449077680.0000
2017-01-06,sh.600519,346.6400,359.7800,346.1000,350.7600,6809562,2402546304.0000
2017-01-09,sh.600519,347.8000,352.8800,346.5400,348.5100,3540500,1233977968.0000
2017-01-10,sh.600519,348.4500,352.0000,346.6000,349.0000,3172764,1108100800.0000
2017-01-11,sh.600519,348.0000,348.0000,343.5000,345.4500,2359851,814074640.0000
2017-01-12,sh.600519,346.5500,347.4000,344.5100,347.0500,1777940,614822048.0000
2017-01-13,sh.600519,346.9800,347.3900,343.8800,344.8700,1828248,631734944.0000
2017-01-16,sh.600519,344.1300,344.8000,338.8000,341.4700,3685545,1259384864.0000
2017-01-17,sh.600519,342.6000,351.5000,342.0000,349.1300,3518838,1223967888.0000
2017-01-18,sh.600519,348.8800,356.7700,347.2100,355.0800,4600570,1622110976.0000
2017-01-19,sh.600519,355.0000,358.4800,351.7000,354.7200,2852392,1011320064.0000
2017-01-20,sh.600519,354.9000,357.4000,353.0300,354.9900,2134417,758416000.0000
2017-01-23,sh.600519,356.8800,359.8000,349.4600,351.2200,3258118,1151869296.0000
2017-01-24,sh.600519,351.2700,352.8000,346.7500,350.3100,2691458,939129472.0000
2017-01-25,sh.600519,349.9800,349.9800,346.2000,347.6300,2299036,799259968.0000
2017-01-26,sh.600519,348.1400,348.8000,341.3000,344.4200,3782617,1303262144.0000
2017-02-03,sh.600519,346.0000,349.1800,345.0000,346.8500,2093643,727140784.0000
2017-02-06,sh.600519,348.4900,348.8900,344.9600,346.8500,1568079,543401904.0000
2017-02-07,sh.600519,346.8400,347.4000,343.1400,343.5800,2051983,707114112.0000
2017-02-08,sh.600519,343.7600,345.5000,342.6700,344.2100,1908854,656786320.0000
2017-02-09,sh.600519,345.0000,348.7900,344.6100,347.6100,2332438,808958176.0000
2017-02-10,sh.600519,348.6200,349.8200,345.0000,345.0800,2405659,835679328.0000
2017-02-13,sh.600519,344.0000,351.9000,341.9200,349.7500,5358790,1869148352.0000
2017-02-14,sh.600519,349.5400,352.6000,349.1000,350.2100,2655868,931733728.0000
2017-02-15,sh.600519,351.5000,352.4400,347.2000,348.5300,2625696,917475856.0000
2017-02-16,sh.600519,348.5000,348.6200,345.5100,348.0900,1764230,612607280.0000
2017-02-17,sh.600519,348.9000,354.4400,347.5000,350.5600,2910234,1022647968.0000
2017-02-20,sh.600519,350.4100,362.3200,350.0100,361.2900,6185340,2215563600.0000
2017-02-21,sh.600519,361.8800,362.4300,357.1800,358.7400,2770577,994112864.0000
2017-02-22,sh.600519,360.6100,366.5200,360.0000,361.8900,3713031,1347469104.0000
2017-02-23,sh.600519,360.9700,365.4800,359.7600,361.7000,2332806,844123200.0000
2017-02-24,sh.600519,362.0000,362.8900,360.0500,362.6200,1769278,639123200.0000
2017-02-27,sh.600519,362.4900,362.8500,356.8000,357.2000,2540046,912927184.0000
2017-02-28,sh.600519,357.0000,359.2000,353.5800,354.6600,2747351,975788672.0000
2017-03-01,sh.600519,355.1000,358.2000,355.0000,356.6100,2194420,782349008.0000
2017-03-02,sh.600519,356.7100,357.0000,354.5300,356.8200,2210362,785560416.0000
2017-03-03,sh.600519,355.0000,358.2200,355.0000,356.5400,1415355,505108560.0000
2017-03-06,sh.600519,357.6600,359.5400,356.5500,358.9600,2281884,818625872.0000
2017-03-07,sh.600519,358.0300,368.8800,358.0300,367.2000,4628698,1694198544.0000
2017-03-08,sh.600519,367.1800,368.4900,365.5000,367.2800,1603770,588667680.0000
2017-03-09,sh.600519,367.0000,369.9800,365.5600,369.9000,2340606,860084032.0000
2017-03-10,sh.600519,369.9200,377.0000,368.3600,369.8500,4095105,1524343088.0000
2017-03-13,sh.600519,370.0500,374.3300,367.5300,371.5500,2767432,1027592800.0000
2017-03-14,sh.600519,371.5500,373.8500,368.3400,369.5000,2041649,756359632.0000
2017-03-15,sh.600519,369.5000,375.1500,369.0100,374.6800,2515526,935994832.0000
2017-03-16,sh.600519,376.5600,378.3000,372.8000,374.7700,2502260,938231440.0000
2017-03-17,sh.600519,373.1000,384.4500,373.1000,378.4800,3470026,1315336848.0000
2017-03-20,sh.600519,380.5000,386.7100,378.8800,386.4100,3154594,1209603920.0000
2017-03-21,sh.600519,386.5500,396.5000,386.5000,394.0100,4846096,1901883744.0000
2017-03-22,sh.600519,390.5300,394.6000,385.0000,394.4800,4553271,1775217760.0000
2017-03-23,sh.600519,392.0300,393.9900,386.6000,389.7900,3450481,1345058752.0000
2017-03-24,sh.600519,392.3200,393.2200,385.0000,386.8200,3328772,1292313392.0000
2017-03-27,sh.600519,386.0300,389.2600,378.3900,378.8200,5369028,2054742976.0000
2017-03-28,sh.600519,379.9500,381.1500,376.6600,380.2600,4118717,1558258560.0000
2017-03-29,sh.600519,381.0100,385.8000,379.9000,383.6500,3729967,1429610960.0000
2017-03-30,sh.600519,383.0000,386.8900,382.6000,386.1400,3161299,1216016528.0000
2017-03-31,sh.600519,386.2000,388.0000,384.1800,386.3600,2447422,945503280.0000
2017-04-05,sh.600519,385.6600,394.9900,385.0000,389.6600,4078998,1594997312.0000
2017-04-06,sh.600519,389.0100,393.0000,386.6300,391.9100,2885720,1125204240.0000
2017-04-07,sh.600519,392.9900,394.0000,389.6000,392.8700,2409723,945589200.0000
2017-04-10,sh.600519,394.0000,394.0000,388.0000,389.2000,2886948,1126296272.0000
2017-04-11,sh.600519,388.0500,390.7000,380.6000,385.2900,4353072,1679537552.0000
2017-04-12,sh.600519,385.2900,391.0000,384.8000,390.2300,2700291,1049245584.0000
2017-04-13,sh.600519,390.7800,398.5900,390.5100,398.3900,4564835,1805008864.0000
2017-04-14,sh.600519,399.4300,399.8800,395.0000,395.4500,2364656,938378992.0000
2017-04-17,sh.600519,391.0000,398.2800,388.5500,395.7900,2879371,1136763712.0000
2017-04-18,sh.600519,394.6000,406.5500,394.6000,404.6500,4958100,1987661264.0000
2017-04-19,sh.600519,403.0000,409.1000,402.8600,405.7400,3755011,1521983648.0000
2017-04-20,sh.600519,406.0900,420.4300,406.0900,415.3100,5045768,2091241456.0000
2017-04-21,sh.600519,415.0000,415.6000,400.0000,400.5300,4933292,2015062640.0000
2017-04-24,sh.600519,400.6200,405.0000,389.0000,398.5500,5003797,1986424992.0000
2017-04-25,sh.600519,404.8000,420.1700,404.8000,418.8900,7619271,3143136336.0000
2017-04-26,sh.600519,418.8500,428.6800,413.0100,417.9600,5662412,2384125120.0000
2017-04-27,sh.600519,415.5300,421.9700,410.4300,421.4400,2824071,1180494896.0000
2017-04-28,sh.600519,421.9900,423.0000,409.9000,413.4800,4950587,2052093808.0000
2017-05-02,sh.600519,411.6000,415.0000,409.1800,412.0800,2329168,960137248.0000
2017-05-03,sh.600519,411.0000,417.6600,411.0000,417.6100,2026791,842560352.0000
2017-05-04,sh.600519,414.6300,418.4800,414.6300,416.0000,2670915,1111200112.0000
2017-05-05,sh.600519,416.2000,422.7800,415.1000,416.1900,3743711,1566063424.0000
2017-05-08,sh.600519,416.1800,417.0000,404.7200,405.4800,4072165,1671035536.0000
2017-05-09,sh.600519,404.4400,409.8800,398.0000,408.7600,5280192,2126236512.0000
2017-05-10,sh.600519,408.4000,414.4400,407.0200,410.0900,2603938,1070652720.0000
2017-05-11,sh.600519,408.4000,414.7000,406.5100,412.1600,3046764,1254053008.0000
2017-05-12,sh.600519,413.5900,415.3000,410.0100,413.4700,2233742,921621376.0000
2017-05-15,sh.600519,413.1200,420.3500,413.1200,419.5500,3344735,1398908208.0000
2017-05-16,sh.600519,419.6000,431.2200,418.2600,430.1200,5016490,2145037952.0000
2017-05-17,sh.600519,429.0000,430.1900,424.8800,426.6000,2751521,1174696176.0000
2017-05-18,sh.600519,425.0500,430.7000,425.0100,429.5400,2430080,1040535488.0000
2017-05-19,sh.600519,429.5700,441.8000,429.5700,440.8200,3831083,1672948416.0000
2017-05-22,sh.600519,439.0400,446.0100,436.2000,441.7800,3532149,1560087952.0000
2017-05-23,sh.600519,442.2500,454.4700,442.2500,454.2000,4845439,2178738032.0000
2017-05-24,sh.600519,452.9000,456.4800,446.0000,450.3200,4022618,1812513088.0000
2017-05-25,sh.600519,448.7100,452.9600,447.5000,450.6000,2889842,1299628592.0000
2017-05-26,sh.600519,450.8200,455.6000,448.0000,451.9200,2738664,1237323136.0000
2017-05-31,sh.600519,450.0000,450.5000,440.1100,442.9400,4431225,1968887168.0000
2017-06-01,sh.600519,442.5000,449.9500,441.0100,449.2800,4060478,1808305712.0000
2017-06-02,sh.600519,450.0000,450.9500,445.6000,447.3100,2178526,974893312.0000
2017-06-05,sh.600519,448.0400,449.0000,442.3500,444.4100,1924120,854876928.0000
2017-06-06,sh.600519,444.9700,449.0000,444.2000,448.8200,2040244,912438704.0000
2017-06-07,sh.600519,449.1200,460.0000,449.1200,459.3700,3883430,1774212480.0000
2017-06-08,sh.600519,461.3200,464.4000,458.5000,464.3100,2895111,1338443408.0000
2017-06-09,sh.600519,464.2400,470.8000,463.0000,465.7400,3143076,1467836832.0000
2017-06-12,sh.600519,467.0000,475.4400,465.0000,472.8800,3510916,1654502000.0000
2017-06-13,sh.600519,473.0500,474.5000,467.0000,473.0400,2423798,1141536368.0000
2017-06-14,sh.600519,472.7900,477.5000,470.4800,474.3900,3376863,1600846624.0000
2017-06-15,sh.600519,475.0000,475.4800,464.0000,464.3000,5020280,2347172384.0000
2017-06-16,sh.600519,461.5000,467.4900,461.2600,462.6300,3333180,1544955952.0000
2017-06-19,sh.600519,461.9600,470.3900,461.9600,470.1700,3853668,1803585248.0000
2017-06-20,sh.600519,473.0000,474.8800,465.6600,466.3000,3450539,1614858144.0000
2017-06-21,sh.600519,469.5500,473.0000,466.0300,472.7100,4203854,1974672848.0000
2017-06-22,sh.600519,473.0200,477.9300,471.2000,472.7500,3824234,1815684368.0000
2017-06-23,sh.600519,472.8600,474.8800,468.3300,472.7300,3130362,1473803776.0000
2017-06-26,sh.600519,473.0100,485.0000,472.0000,484.6800,5293257,2536430496.0000
2017-06-27,sh.600519,482.8200,485.0000,480.8500,484.1000,2798078,1350476768.0000
2017-06-28,sh.600519,484.0900,484.0900,473.0000,475.3000,3772874,1799676816.0000
2017-06-29,sh.600519,476.3000,477.3500,470.0000,473.0100,3509272,1657994400.0000
2017-06-30,sh.600519,471.5100,474.1600,467.8000,471.8500,2242717,1056424784.0000
2017-07-03,sh.600519,474.2000,474.2000,457.9000,460.3700,4962853,2298656464.0000
2017-07-04,sh.600519,458.9600,460.0000,449.0000,451.9200,5648895,2563886384.0000
2017-07-05,sh.600519,453.0100,460.3300,453.0100,460.1300,3754032,1718844528.0000
2017-07-06,sh.600519,458.1100,460.2000,450.6000,455.9800,4204439,1913037504.0000
2017-07-07,sh.600519,451.0500,451.1000,441.2000,445.9700,3779647,1681450720.0000
2017-07-10,sh.600519,446.8800,454.9000,442.9700,454.4700,3662409,1648443664.0000
2017-07-11,sh.600519,454.5000,464.5800,454.0000,463.1300,4460182,2054854496.0000
2017-07-12,sh.600519,465.8000,465.9900,455.0000,457.4700,2895072,1330327920.0000
2017-07-13,sh.600519,455.3500,461.9100,453.6800,456.1600,2595135,1183440448.0000
2017-07-14,sh.600519,456.2500,458.7600,453.0500,456.4100,1772657,806510272.0000
2017-07-17,sh.600519,457.0400,458.0400,446.2800,450.0700,3526368,1595292992.0000
2017-07-18,sh.600519,451.9900,453.9900,448.0000,452.5500,3068449,1384468256.0000
2017-07-19,sh.600519,454.0000,463.6200,452.8000,456.8600,5625994,2574934656.0000
2017-07-20,sh.600519,455.8600,466.8900,455.8600,466.4700,4663487,2160731536.0000
2017-07-21,sh.600519,466.9600,475.0100,463.6600,473.2000,4679241,2207195744.0000
2017-07-24,sh.600519,474.8800,485.3500,474.8800,477.8000,4271643,2052709808.0000
2017-07-25,sh.600519,482.2000,482.8000,476.1000,477.9600,2192999,1051446096.0000
2017-07-26,sh.600519,478.0500,481.6300,466.5600,471.6300,3147018,1487729152.0000
2017-07-27,sh.600519,471.6300,475.8500,471.1000,473.8700,1959503,928077232.0000
2017-07-28,sh.600519,471.0000,484.0700,467.7100,483.9200,4661877,2235811536.0000
2017-07-31,sh.600519,484.0000,487.9600,481.0000,481.2200,3841218,1861154800.0000
2017-08-01,sh.600519,481.0000,483.0000,477.4000,480.2400,2750154,1318453664.0000
2017-08-02,sh.600519,480.0400,484.8800,478.5100,482.8400,2677422,1289564016.0000
2017-08-03,sh.600519,483.6800,486.8500,475.6300,477.2200,3176839,1522998144.0000
2017-08-04,sh.600519,477.0000,478.9800,472.6000,473.6400,1868114,887074160.0000
2017-08-07,sh.600519,472.5000,482.4000,471.1300,481.5600,2309937,1104715344.0000
2017-08-08,sh.600519,482.0000,484.2200,479.5000,482.5800,1605158,773408192.0000
2017-08-09,sh.600519,484.8400,492.9800,482.0300,490.8500,4179447,2045888048.0000
2017-08-10,sh.600519,491.0900,499.6000,489.0000,491.6300,3536438,1747693648.0000
2017-08-11,sh.600519,489.0000,496.5500,483.4800,484.0600,3657257,1785149168.0000
2017-08-14,sh.600519,485.2100,500.1000,485.2100,499.8300,3933147,1952353920.0000
2017-08-15,sh.600519,500.1100,501.1000,495.0100,495.9700,2716322,1350104672.0000
2017-08-16,sh.600519,498.0000,498.8000,493.0000,496.4900,1858722,921412992.0000
2017-08-17,sh.600519,497.6000,497.6000,489.8000,492.6900,2584673,1272341264.0000
2017-08-18,sh.600519,492.8000,494.4400,488.0000,489.6500,2385775,1169732672.0000
2017-08-21,sh.600519,488.0000,494.4000,486.9400,489.7300,2354662,1153168720.0000
2017-08-22,sh.600519,487.4000,489.4800,476.0000,487.2200,4245703,2051271360.0000
2017-08-23,sh.600519,485.4500,494.6300,484.3200,494.0100,2721499,1337347648.0000
2017-08-24,sh.600519,493.9900,496.4000,492.0200,492.8100,1815678,896861680.0000
2017-08-25,sh.600519,493.4500,494.2500,489.3200,492.9900,1729788,850598720.0000
2017-08-28,sh.600519,493.0000,497.2900,491.0300,492.0400,2902107,1432545552.0000
2017-08-29,sh.600519,493.0200,494.8800,488.0100,489.4400,2517662,1234431712.0000
2017-08-30,sh.600519,489.7000,493.7500,489.1600,492.9700,1850364,910133936.0000
2017-08-31,sh.600519,494.0400,494.8800,489.8000,491.1500,1873686,921659712.0000
2017-09-01,sh.600519,490.2000,496.2800,490.0300,495.1800,3145100,1554634576.0000
2017-09-04,sh.600519,495.1800,496.6600,491.2700,492.4200,1893162,932954816.0000
2017-09-05,sh.600519,492.8800,493.9900,489.5000,489.9900,2262215,1112006400.0000
2017-09-06,sh.600519,490.0000,492.7700,484.8400,484.9800,3300650,1608066096.0000
2017-09-07,sh.600519,485.3100,486.9000,480.0600,481.2700,3332016,1605408576.0000
2017-09-08,sh.600519,478.2500,480.5000,474.0000,474.3700,4117327,1962989424.0000
2017-09-11,sh.600519,471.0900,482.2200,469.9800,478.3200,4537440,2161657248.0000
2017-09-12,sh.600519,479.5000,486.0000,478.4000,484.9100,3434163,1661294228.0000
2017-09-13,sh.600519,485.0000,492.2000,481.3800,491.6300,3307570,1618956527.0000
2017-09-14,sh.600519,492.9900,494.0300,488.9900,490.7100,1939949,953145166.0000
2017-09-15,sh.600519,492.5000,492.5000,488.0000,489.8400,1603946,786562205.0000
2017-09-18,sh.600519,490.1400,500.5000,490.1400,498.9700,4220681,2101680376.0000
2017-09-19,sh.600519,500.3000,502.5000,496.0100,496.9500,2305481,1151152851.0000
2017-09-20,sh.600519,496.9000,500.0200,496.0000,496.2000,1731816,862024944.0000
2017-09-21,sh.600519,495.9400,500.5800,492.8800,498.7700,1940268,963615276.0000
2017-09-22,sh.600519,496.9000,500.1800,495.8000,499.9300,1634353,815718865.0000
2017-09-25,sh.600519,500.3100,508.2000,500.3000,507.2400,3269756,1649582919.0000
2017-09-26,sh.600519,506.6900,510.0000,503.6000,509.2900,2547049,1292872632.0000
2017-09-27,sh.600519,508.9200,511.0300,506.0700,508.2100,1667111,847627355.0000
2017-09-28,sh.600519,507.2000,520.2000,507.1500,518.4600,2596985,1340236075.0000
2017-09-29,sh.600519,516.0000,525.8800,515.5000,517.6400,2243622,1166403112.0000
2017-10-09,sh.600519,524.5400,535.5500,520.1000,527.7700,3489129,1844481600.0000
2017-10-10,sh.600519,527.0500,540.4900,527.0100,540.0600,3100644,1662690453.0000
2017-10-11,sh.600519,538.1000,551.2500,538.1000,545.5400,3340643,1824898708.0000
2017-10-12,sh.600519,545.0000,547.5000,540.1800,544.0900,1964622,1067464518.0000
2017-10-13,sh.600519,545.0000,556.6000,542.0100,556.1500,2785842,1534212916.0000
2017-10-16,sh.600519,559.9900,566.6600,555.8700,560.6900,2990901,1676809992.0000
2017-10-17,sh.600519,560.9700,560.9700,554.0000,556.7300,2097712,1168943280.0000
2017-10-18,sh.600519,554.2000,562.5900,554.2000,560.7200,1917865,1072237528.0000
2017-10-19,sh.600519,561.0000,585.1500,560.7200,582.6000,4065882,2338901855.0000
2017-10-20,sh.600519,581.0000,581.0000,571.7600,574.3300,3153433,1812957242.0000
2017-10-23,sh.600519,574.9200,580.5000,568.0000,573.4100,2377182,1362900409.0000
2017-10-24,sh.600519,572.0000,573.8000,563.6100,567.3300,3127428,1775645971.0000
2017-10-25,sh.600519,569.7500,571.6800,562.0600,565.6700,2507600,1418395221.0000
2017-10-26,sh.600519,605.0000,613.0000,591.9100,605.0900,11543497,6957625411.0000
2017-10-27,sh.600519,602.1100,655.0000,600.0300,649.6300,8438379,5284485766.0000
2017-10-30,sh.600519,643.0500,644.0000,621.0000,622.0800,8100786,5099041747.0000
2017-10-31,sh.600519,622.0100,627.6000,611.8800,618.0300,5187568,3206280600.0000
2017-11-01,sh.600519,620.8800,631.5400,619.2200,623.0100,4343525,2712016939.0000
2017-11-02,sh.600519,626.9500,629.7800,621.0000,626.9200,3424973,2144671943.0000
2017-11-03,sh.600519,628.6500,643.4400,628.6500,639.1700,4818897,3075651167.0000
2017-11-06,sh.600519,641.5000,657.6200,640.2000,653.0600,4851398,3153638704.0000
2017-11-07,sh.600519,650.5800,657.1500,638.1800,642.0700,5556485,3592238407.0000
2017-11-08,sh.600519,642.3300,654.5000,642.3300,650.3800,4395194,2855374070.0000
2017-11-09,sh.600519,648.0000,654.1500,644.6100,650.0700,3364113,2183815390.0000
2017-11-10,sh.600519,650.4300,683.4000,650.4300,677.9500,7407860,4967970730.0000
2017-11-13,sh.600519,680.0000,692.7800,675.8000,687.8800,4986984,3402794002.0000
2017-11-14,sh.600519,687.1400,687.2200,677.3500,678.7500,4636671,3159112664.0000
2017-11-15,sh.600519,678.7500,689.9900,674.0000,688.0800,4503633,3074244081.0000
2017-11-16,sh.600519,686.0100,719.9600,686.0100,719.1100,6071632,4299283186.0000
2017-11-17,sh.600519,696.0000,709.0000,677.7700,690.2500,12386124,8548747991.0000
2017-11-20,sh.600519,676.8000,685.6000,660.0000,679.1500,8830582,5954131851.0000
2017-11-21,sh.600519,669.0000,688.8000,662.0200,677.2500,9601651,6491134446.0000
2017-11-22,sh.600519,677.0000,688.0000,650.0000,650.5200,12849826,8528143403.0000
2017-11-23,sh.600519,642.0000,646.0000,630.2200,633.7300,10959913,6984097475.0000
2017-11-24,sh.600519,635.9000,642.5000,622.2300,630.0400,7654194,4835808966.0000
2017-11-27,sh.600519,634.0000,636.3300,613.0100,621.2900,6354846,3975262024.0000
2017-11-28,sh.600519,625.0600,648.8800,624.0000,648.2300,7029183,4491543613.0000
2017-11-29,sh.600519,649.9400,651.9700,634.0100,638.1200,4676372,3005733412.0000
2017-11-30,sh.600519,635.5100,648.4800,626.0000,631.0000,3801962,2419959854.0000
2017-12-01,sh.600519,638.0100,638.9900,620.1300,622.3500,4719274,2959772009.0000
2017-12-04,sh.600519,623.9500,644.1000,616.7200,637.7900,5426771,3436687377.0000
2017-12-05,sh.600519,634.0000,647.4000,630.1300,632.9600,4746576,3026076465.0000
2017-12-06,sh.600519,631.5000,644.1000,620.0000,625.0100,5817409,3657236582.0000
2017-12-07,sh.600519,624.9500,624.9900,615.2600,616.6900,5103262,3155212010.0000
2017-12-08,sh.600519,615.4200,628.8500,615.4200,627.2800,4550339,2842464437.0000
2017-12-11,sh.600519,631.0000,651.9500,631.0000,650.9900,7284917,4702239221.0000
2017-12-12,sh.600519,658.7000,658.7700,651.0200,651.3200,4788931,3138650306.0000
2017-12-13,sh.600519,654.9900,670.0000,650.7200,668.2100,4850248,3197982045.0000
2017-12-14,sh.600519,669.9800,671.3000,660.5000,664.5500,3196794,2126665894.0000
2017-12-15,sh.600519,664.0000,667.9500,650.7800,653.7900,3225595,2126579404.0000
2017-12-18,sh.600519,660.0000,669.8000,658.5800,665.7700,3916228,2599749872.0000
2017-12-19,sh.600519,663.0000,672.4400,661.0000,667.0900,4407221,2944470867.0000
2017-12-20,sh.600519,669.9000,686.8600,664.0300,684.9100,6360131,4321305755.0000
2017-12-21,sh.600519,683.0000,687.4200,675.5000,681.7400,4668038,3178595839.0000
2017-12-22,sh.600519,680.0000,685.9000,677.0100,682.9200,2831701,1930315469.0000
2017-12-25,sh.600519,686.0000,696.3000,683.7200,688.1200,3621428,2497653982.0000
2017-12-26,sh.600519,688.1800,692.9900,676.5000,680.8100,3186766,2174103282.0000
2017-12-27,sh.600519,684.8600,684.8600,662.5000,664.1800,3772205,2539720696.0000
2017-12-28,sh.600519,687.0000,719.9000,671.3200,718.6900,12414107,8656875718.0000
2017-12-29,sh.600519,718.0000,726.5000,691.6000,697.4900,7603887,5372514665.0000
2018-01-02,sh.600519,700.0000,710.1600,689.8900,703.8500,4961248,3482407646.0000
2018-01-03,sh.600519,701.5000,721.4000,699.7400,715.8600,5201941,3713523701.0000
2018-01-04,sh.600519,721.4000,743.5000,719.3300,737.0700,7220508,5309890210.0000
2018-01-05,sh.600519,741.0000,746.0300,728.2200,738.3600,3998907,2946493013.0000
2018-01-08,sh.600519,735.0200,756.5000,735.0200,752.1300,5220456,3899951720.0000
2018-01-09,sh.600519,752.2100,783.0000,752.2100,782.5200,6459195,5001164506.0000
2018-01-10,sh.600519,785.0000,788.8800,773.4800,785.7100,4771424,3731993154.0000
2018-01-11,sh.600519,787.0000,788.0000,772.0000,774.8100,5065607,3942075854.0000
2018-01-12,sh.600519,773.7700,788.8000,767.0200,788.4200,4598824,3577281776.0000
2018-01-15,sh.600519,793.4600,799.0600,779.0200,785.3700,5247313,4136645487.0000
2018-01-16,sh.600519,780.4800,788.6100,768.0000,772.9400,6542833,5084966063.0000
2018-01-17,sh.600519,770.0000,774.0000,738.5100,747.9300,9070954,6835580477.0000
2018-01-18,sh.600519,747.9300,765.0000,744.0900,750.7400,5897851,4443031234.0000
2018-01-19,sh.600519,752.9000,758.9000,739.0200,750.1800,5092556,3818021990.0000
2018-01-22,sh.600519,751.8100,774.0000,751.8100,773.6400,6712675,5129674653.0000
2018-01-23,sh.600519,777.8100,780.0000,768.6000,773.7800,4954918,3836387690.0000
2018-01-24,sh.600519,776.4400,776.4600,758.6000,764.4600,4329881,3311348774.0000
2018-01-25,sh.600519,761.0000,776.0000,751.0000,769.1600,5004072,3821875040.0000
2018-01-26,sh.600519,767.2400,777.4000,764.0000,777.2200,4397833,3389953777.0000
2018-01-29,sh.600519,778.7600,779.6700,735.0000,736.3200,7453551,5637041971.0000
2018-01-30,sh.600519,736.0000,748.7700,730.0200,742.0800,5191103,3852705098.0000
2018-01-31,sh.600519,739.0000,771.7100,739.0000,764.5400,6040241,4601994781.0000
2018-02-01,sh.600519,767.0000,767.3000,752.9200,757.7300,5058261,3846421613.0000
2018-02-02,sh.600519,752.2200,753.2300,725.0000,740.4000,7542082,5583742782.0000
2018-02-05,sh.600519,727.2200,729.9600,705.6000,718.2300,9899585,7104095616.0000
2018-02-06,sh.600519,703.0000,722.6000,703.0000,708.8600,8816871,6270888575.0000
2018-02-07,sh.600519,720.0000,723.8800,682.0100,683.4300,8828998,6231141116.0000
2018-02-08,sh.600519,682.2000,718.0000,682.2000,700.9900,8340943,5860233484.0000
2018-02-09,sh.600519,680.0000,689.8900,658.0000,683.4300,10557826,7160206330.0000
2018-02-12,sh.600519,691.0000,705.5000,685.2000,697.4800,6417955,4466343242.0000
2018-02-13,sh.600519,705.0200,714.8200,704.5000,711.9800,5338918,3793782378.0000
2018-02-14,sh.600519,720.0000,720.0000,712.2200,718.4500,3065260,2198728707.0000
2018-02-22,sh.600519,727.3000,744.0000,723.2400,742.4500,5076469,3717469267.0000
2018-02-23,sh.600519,747.0000,756.5600,737.0000,742.4800,3815877,2844936758.0000
2018-02-26,sh.600519,746.8800,752.0500,733.0200,743.5100,4365824,3243216345.0000
2018-02-27,sh.600519,749.0000,756.0000,737.2200,737.9800,4260154,3181778842.0000
2018-02-28,sh.600519,732.0000,742.3000,719.0000,725.6200,4833067,3522004686.0000
2018-03-01,sh.600519,728.0000,746.8500,723.7700,741.9700,4479465,3303604159.0000
2018-03-02,sh.600519,738.0000,743.5600,730.0000,736.4100,2599190,1912613830.0000
2018-03-05,sh.600519,738.1800,742.0000,717.0300,720.1100,3723470,2703926955.0000
2018-03-06,sh.600519,725.0000,727.6000,697.1300,718.2600,6457036,4581658583.0000
2018-03-07,sh.600519,715.0000,724.0000,708.9900,710.0400,3459594,2480929043.0000
2018-03-08,sh.600519,714.0000,724.0000,708.0000,722.7600,3534930,2540452000.0000
2018-03-09,sh.600519,727.5500,732.5700,723.5000,728.2000,3017100,2199081672.0000
2018-03-12,sh.600519,729.5500,733.9200,722.7700,723.9500,3988841,2900950557.0000
2018-03-13,sh.600519,723.0000,726.6000,710.0000,710.3500,3857709,2764426996.0000
2018-03-14,sh.600519,709.6700,728.0800,707.2200,726.8800,3735576,2683830110.0000
2018-03-15,sh.600519,728.0200,747.0000,728.0200,746.4700,5614879,4161645760.0000
2018-03-16,sh.600519,747.6000,753.9800,738.8800,739.8500,3585552,2676682524.0000
2018-03-19,sh.600519,743.9700,753.9900,739.0000,753.4800,3866658,2897348542.0000
2018-03-20,sh.600519,750.0000,752.0000,740.0000,747.7300,2887720,2154897794.0000
2018-03-21,sh.600519,750.1100,753.1100,740.0000,742.0000,2674271,1996584261.0000
2018-03-22,sh.600519,744.0000,748.0000,724.0100,726.0800,3748697,2748721669.0000
2018-03-23,sh.600519,701.0000,723.4900,700.0800,711.0600,5254677,3727044980.0000
2018-03-26,sh.600519,708.0000,715.0600,701.8800,713.4900,4625611,3276880070.0000
2018-03-27,sh.600519,723.0000,725.8800,704.0000,714.7400,4754844,3399900239.0000
2018-03-28,sh.600519,699.9700,703.0000,669.0000,682.0500,11353972,7786098263.0000
2018-03-29,sh.600519,682.2000,697.8500,658.4100,689.1000,7908196,5362890034.0000
2018-03-30,sh.600519,686.0000,693.5000,679.8800,683.6200,3654028,2502696336.0000
2018-04-02,sh.600519,680.0000,691.0000,674.1100,680.0600,3203908,2185060765.0000
2018-04-03,sh.600519,678.0000,687.0000,675.3900,677.9100,4023558,2737509485.0000
2018-04-04,sh.600519,682.0000,700.4300,680.3800,694.0100,5689131,3948712791.0000
2018-04-09,sh.600519,697.1000,705.4300,690.1500,698.3000,3083305,2149178951.0000
2018-04-10,sh.600519,704.8000,708.5000,698.4600,708.0200,3204325,2252069676.0000
2018-04-11,sh.600519,710.0000,714.7800,703.0200,705.3600,2572318,1822237882.0000
2018-04-12,sh.600519,704.0000,706.8800,692.2200,694.2000,3071361,2139139504.0000
2018-04-13,sh.600519,698.5000,701.0000,685.0800,686.8600,2754952,1904051062.0000
2018-04-16,sh.600519,680.5800,686.8500,677.0000,681.3800,3293967,2241463093.0000
2018-04-17,sh.600519,685.0000,685.3800,665.6000,666.2000,3517276,2377407817.0000
2018-04-18,sh.600519,671.0000,671.0000,645.0000,655.6400,6261660,4104175827.0000
2018-04-19,sh.600519,659.8500,680.0000,656.6600,679.9600,4420757,2976468492.0000
2018-04-20,sh.600519,681.0000,694.0000,668.2300,670.2600,4151168,2831559751.0000
2018-04-23,sh.600519,666.0100,680.3300,666.0100,674.0100,3265920,2196761047.0000
2018-04-24,sh.600519,676.0000,693.5000,675.0000,689.8800,4728256,3252280969.0000
2018-04-25,sh.600519,689.0000,692.0000,683.0200,690.9700,2525222,1738767067.0000
2018-04-26,sh.600519,692.0000,692.2800,673.0000,678.2300,3504790,2378744475.0000
2018-04-27,sh.600519,685.2500,688.3600,655.0000,662.5300,5791521,3866680412.0000
2018-05-02,sh.600519,660.0000,668.9900,645.0600,667.8300,7025911,4589885607.0000
2018-05-03,sh.600519,666.0000,673.6800,658.0000,670.8800,3632653,2426248236.0000
2018-05-04,sh.600519,670.9800,674.8300,660.5700,662.8700,3737584,2492610223.0000
2018-05-07,sh.600519,659.9500,701.8800,657.7700,698.1700,8559143,5858519223.0000
2018-05-08,sh.600519,698.0300,712.1300,698.0300,708.8300,6249783,4414037853.0000
2018-05-09,sh.600519,709.0800,712.3000,697.1200,701.9500,3233106,2267880036.0000
2018-05-10,sh.600519,703.5000,716.0000,703.5000,714.1900,3929380,2794919589.0000
2018-05-11,sh.600519,718.6900,730.5000,715.7000,718.0200,3914165,2826877192.0000
2018-05-14,sh.600519,724.0000,743.0000,724.0000,742.4100,5101471,3753818029.0000
2018-05-15,sh.600519,746.0000,746.4400,734.0000,743.0600,3805580,2811622722.0000
2018-05-16,sh.600519,740.0000,745.6600,733.2800,734.5200,3079520,2275092450.0000
2018-05-17,sh.600519,735.1200,737.5000,724.0000,727.3800,2851793,2077476640.0000
2018-05-18,sh.600519,723.9900,741.0000,721.1900,739.3200,2925517,2140724039.0000
2018-05-21,sh.600519,744.0000,747.3000,732.4800,734.8200,2905958,2150582003.0000
2018-05-22,sh.600519,735.2200,739.8400,730.0200,739.5700,1699896,1250693946.0000
2018-05-23,sh.600519,740.0000,740.0000,723.5800,723.7800,2826871,2061375201.0000
2018-05-24,sh.600519,720.0000,728.6600,713.0000,715.4000,3041634,2191695815.0000
2018-05-25,sh.600519,712.0000,727.0000,712.0000,716.8600,2651146,1908701139.0000
2018-05-28,sh.600519,718.0000,740.6600,715.1200,740.4000,4280523,3129960293.0000
2018-05-29,sh.600519,738.8000,750.0000,731.2800,731.4300,4082027,3029700817.0000
2018-05-30,sh.600519,727.2200,737.3000,720.0500,725.8700,3714710,2706486799.0000
2018-05-31,sh.600519,730.2500,751.6200,730.2400,751.1300,7185287,5356222572.0000
2018-06-01,sh.600519,751.1300,754.9800,738.7600,745.1100,3617763,2694415012.0000
